10/10,Beacon High School,"522 West 44th Street, New York, NY, 10036","Public district, 9-12","1,380"
10/10,Ps 6 Lillie D Blake,"45 East 81st Street, New York, NY, 10028","Public district, PK-5",688
10/10,P.S. 40 Augustus St.-Gaudens,"320 East 20th Street, New York, NY, 10003","Public district, PK-5",679
10/10,Jhs 54 Booker T Washington,"103 West 107th Street, New York, NY, 10025","Public district, 6-8",851
10/10,Ps 59 Beekman Hill International,"231 East 56th Street, New York, NY, 10022","Public district, PK-5",611
10/10,Ps 110 Florence Nightingale,"285 Delancey Street, New York, NY, 10002","Public district, PK-5",379
10/10,Ps 130 Hernando De Soto,"143 Baxter Street, New York, NY, 10013","Public district, PK-5",912
10/10,Ps 150,"334 Greenwich Street, New York, NY, 10013","Public district, PK-5",188
10/10,Jhs 167 Robert F Wagner,"220 East 76th Street, New York, NY, 10021","Public district, 6-8","1,335"
10/10,Ps 183 Robert L Stevenson,"419 East 66th Street, New York, NY, 10065","Public district, PK-5",589
10/10,Stuyvesant High School,"345 Chambers Street, New York, NY, 10282","Public district, 9-12","3,334"
10/10,Ps 89,"201 Warren Street, New York, NY, 10282","Public district, PK-5",432
10/10,Ps 234 Independence School,"292 Greenwich Street, New York, NY, 10007","Public district, K-5",642
10/10,Ps 77 Lower Lab School,"1700 3rd Avenue, New York, NY, 10128","Public district, K-5",357
10/10,Ms 255 Salk School Of Science,"320 East 20th Street, New York, NY, 10003","Public district, 6-8",387
10/10,East Side Middle School,"331 East 91st Street, New York, NY, 10128","Public district, 6-8",449
10/10,Eleanor Roosevelt High School,"411 East 76th Street, New York, NY, 10021","Public district, 9-12",538
10/10,Millennium High School,"75 Broad Street, New York, NY, 10004","Public district, 9-12",668
10/10,Ballet Tech Nyc Ps For Dance,"890 Broadway, New York, NY, 10003","Public district, 4-8",139
10/10,High School For Dual Language And Asian Studies,"350 Grand Street, New York, NY, 10002","Public district, 9-12",396
10/10,Tag Young Scholars,"240 East 109th Street, New York, NY, 10029","Public district, K-8",576
10/10,High School Math Science And Engineering At Ccny,"240 Convent Avenue, New York, NY, 10031","Public district, 9-12",500
10/10,Battery Park City School,"55 Battery Place, New York, NY, 10280","Public district, K-8",822
10/10,Spruce Street School,"12 Spruce Street, New York, NY, 10038","Public district, PK-8",539
10/10,Success Academy Charter School-Harlem 2,"144 East 128th Street, New York, NY, 10035","Public charter, K-4",755
10/10,Ps 452,"210 West 61st Street, New York, NY, 10023","Public district, PK-5",329
10/10,"East Side Elementary School, PS 267","213 East 63rd Street, New York, NY, 10065","Public district, K-5",397
10/10,P.S. 527 East Side School-Social Actio,"323 East 91st Street, New York, NY, 10128","Public district, K-5",384
10/10,Success Academy Hell's Kitchen,"439 West 49th Street, New York, NY, 10019","Public charter, K-4",481
10/10,Success Academy Charter - Washington Hgts,"701 Fort Washington Avenue, New York, NY, 10040","Public charter, K-4",517
9/10,Manhattan Village Academy,"43 West 22nd Street, New York, NY, 10010","Public district, 9-12",455
9/10,Ps 290 Manhattan New School,"311 East 82nd Street, New York, NY, 10028","Public district, PK-5",628
9/10,Ps 9 Sarah Anderson,"100 West 84th Street, New York, NY, 10024","Public district, PK-5",618
9/10,P.S. 41 Greenwich Village,"116 West 11th Street, New York, NY, 10011","Public district, PK-5",692
9/10,Ps 42 Benjamin Altman,"71 Hester Street, New York, NY, 10002","Public district, PK-5",655
9/10,Ps 87 William Sherman,"160 West 78th Street, New York, NY, 10024","Public district, PK-5",881
9/10,Ps 124 Yung Wing,"40 Division Street, New York, NY, 10002","Public district, PK-5",725
9/10,P.S. 158 Baylard Taylor,"1458 York Avenue, New York, NY, 10075","Public district, PK-5",787
9/10,Ps 171 Patrick Henry,"19 East 103rd Street, New York, NY, 10029","Public district, PK-8",722
9/10,Ps 199 Jessie Isador Straus,"270 West 70th Street, New York, NY, 10023","Public district, K-5",851
9/10,"New Explorations Into Science, Tech and Math High School","111 Columbia Street, New York, NY, 10002","Public district, K-12","1,729"
9/10,Is 289,"201 Warren Street, New York, NY, 10282","Public district, 6-8",283
9/10,"Fiorello H Laguardia High School of Music, Art and Performing Arts","100 Amsterdam Avenue, New York, NY, 10023","Public district, 9-12","2,819"
9/10,The Mott Hall School,"71 Convent Avenue, New York, NY, 10027","Public district, 6-8",292
9/10,Ps 184 Shuang Wen,"327 Cherry Street, New York, NY, 10002","Public district, PK-8",682
9/10,Ms 243 Center School,"100 West 84th Street, New York, NY, 10024","Public district, 5-8",235
9/10,Ms 245 The Computer School,"100 West 77th Street, New York, NY, 10024","Public district, 6-8",400
9/10,Ps 212 Midtown West,"328 West 48th Street, New York, NY, 10036","Public district, PK-5",368
9/10,Lower Manhattan Community Middle School,"26 Broadway, New York, NY, 10004","Public district, 6-8",383
9/10,Nyc Lab Ms For Collaborative Studies,"333 West 17th Street, New York, NY, 10011","Public district, 6-8",554
9/10,Manhattan/Hunter Science High School,"122 Amsterdam Avenue, New York, NY, 10023","Public district, 9-12",441
9/10,The Anderson School,"100 West 77th Street, New York, NY, 10024","Public district, K-8",539
9/10,Bard High School Early College,"525 East Houston Street, New York, NY, 10002","Public district, 9-12",589
9/10,Baruch College Campus High School,"55 East 25th Street, New York, NY, 10010","Public district, 9-12",459
9/10,Mott Hall Ii,"234 West 109th Street, New York, NY, 10025","Public district, 6-8",341
9/10,Muscota,"4862 Broadway, New York, NY, 10034","Public district, K-5",292
9/10,YORKVILLE EAST MIDDLE SCHOOL,"1458 York Avenue, New York, NY, 10075","Public district, 6-8",233
9/10,Success Academy Harlem 1,"34 West 118th Street, New York, NY, 10026","Public charter, K-4","1,184"
9/10,Columbia Secondary School,"425 West 123rd Street, New York, NY, 10027","Public district, 6-12",703
9/10,Washington Heights Academy,"202 Sherman Avenue, New York, NY, 10034","Public district, PK-8",575
9/10,Nyc Ischool,"131 6th Avenue, New York, NY, 10013","Public district, 9-12",458
9/10,Special Music School,"129 West 67th Street, New York, NY, 10023","Public district, K-12",313
9/10,Success Academy Charter School-Harlem 4,"240 West 113th Street, New York, NY, 10026","Public charter, K-4",580
9/10,Success Academy Charter School-Harlem 3,"410 East 100th Street, New York, NY, 10029","Public charter, K-4",941
9/10,Success Academy Charter School-Harlem 5,"301 W 140th St, New York, NY, 10030","Public charter, K-4",806
9/10,Success Academy Upper West,"145 West 84th Street, New York, NY, 10024","Public charter, K-7",737
9/10,Peck Slip School (The),"1 Peck Slip, New York, NY, 10038","Public district, PK-5",438
9/10,Success Academy Union Square,"40 Irving Place, New York, NY, 10003","Public charter, K-4",621
8/10,Ps 3 Charrette School,"490 Hudson Street, New York, NY, 10014","Public district, PK-5",753
8/10,P.S. 51 Elias Howe,"525 West 44th Street, New York, NY, 10036","Public district, PK-5",457
8/10,S.T.A.R. Academy - PS 63,"121 East 3rd Street, New York, NY, 10009","Public district, PK-5",201
8/10,Ps 125 Ralph Bunche,"425 West 123rd Street, New York, NY, 10027","Public district, PK-5",299
8/10,Ps 163 Alfred E Smith,"163 West 97th Street, New York, NY, 10025","Public district, PK-5",563
8/10,Ps 166 The Richard Rogers School Of The Arts And S,"132 West 89th Street, New York, NY, 10024","Public district, K-5",649
8/10,Nyc Lab High School For Collaborative Studies,"333 West 17th Street, New York, NY, 10011","Public district, 9-12",496
8/10,School Of The Future High School,"127 East 22nd Street, New York, NY, 10010","Public district, 6-12",744
8/10,Nyc Museum School,"333 West 17th Street, New York, NY, 10011","Public district, 9-12",448
8/10,Ps Is 217 Roosevelt Island,"645 Main Street, New York, NY, 10044","Public district, PK-8",621
8/10,Jhs 104 Simon Baruch,"330 East 21st Street, New York, NY, 10010","Public district, 6-8","1,114"
8/10,Ms 260 Clinton School Writers And Artists,"10 East 15th Street, New York, NY, 10003","Public district, 6-11",605
8/10,Girls Prep Lower East Side,"442 East Houston Street, New York, NY, 10002","Public charter, K-8",368
8/10,Manhattan Charter School,"100 Attorney Street, New York, NY, 10002","Public charter, K-5",262
8/10,Harlem Children S Zone Promise Academy Ii Charter,"35 East 125th Street, New York, NY, 10035","Public charter, K-12","1,002"
8/10,Harlem Children's Zone Promise Academy Charter School,"245 West 129th Street, New York, NY, 10027","Public charter, K-12","1,154"
8/10,Kipp Infinity Charter School,"625 West 133rd Street, New York, NY, 10027","Public charter, K-12","1,136"
8/10,Dream Charter School,"1991 2nd Avenue, New York, NY, 10029","Public charter, K-9",642
8/10,KIPP NYC WASHINGTON HEIGHTS CHARTER,"21 Jumel Place, New York, NY, 10032","Public charter, K-10",989
8/10,River School (The),"425 East 35th Street, New York, NY, 10016","Public district, PK-4",273
7/10,Central Park East High School,"1573 Madison Avenue, New York, NY, 10029","Public district, 9-12",493
7/10,Talent Unlimited High School,"300 East 68th Street, New York, NY, 10065","Public district, 9-12",480
7/10,Professional Performing Arts High School,"328 West 48th Street, New York, NY, 10036","Public district, 6-12",562
7/10,Ps 1 Alfred E Smith,"8 Henry Street, New York, NY, 10038","Public district, PK-5",318
7/10,Ps 2 Meyer London,"122 Henry Street, New York, NY, 10002","Public district, PK-5",550
7/10,Ps 11 William T Harris,"320 West 21st Street, New York, NY, 10011","Public district, PK-5",920
7/10,Ps 19 Asher Levy,"185 1st Avenue, New York, NY, 10003","Public district, PK-5",258
7/10,Ps 33 Chelsea Prep,"281 9th Avenue, New York, NY, 10001","Public district, PK-5",628
7/10,Ps 75 Emily Dickinson,"735 West End Avenue, New York, NY, 10025","Public district, K-5",562
7/10,Ps 116 Mary Lindley Murray,"210 East 33rd Street, New York, NY, 10016","Public district, PK-6",545
7/10,Ps 126 Jacob August Riis,"80 Catherine Street, New York, NY, 10038","Public district, PK-8",783
7/10,Ps 198 Isador E Ida Straus,"1700 3rd Avenue, New York, NY, 10128","Public district, PK-5",461
7/10,Young Women's Leadership School,"105 East 106th Street, New York, NY, 10029","Public district, 6-12",483
7/10,Ella Baker School,"317 East 67th Street, New York, NY, 10065","Public district, PK-8",321
7/10,Ms 131,"100 Hester Street, New York, NY, 10002","Public district, 6-8",431
7/10,Manhattan Center for Science & Mathematics,"260 Pleasant Avenue, New York, NY, 10029","Public district, 9-12","1,627"
7/10,Ms 247 Dual Language Middle School,"100 West 77th Street, New York, NY, 10024","Public district, 6-8",198
7/10,Community Action School Ms 258,"154 West 93rd Street, New York, NY, 10025","Public district, 6-8",222
7/10,Ps 333 Manhattan School For Children,"154 West 93rd Street, New York, NY, 10025","Public district, K-8",755
7/10,Sisulu Walker Charter School Of Harlem,"125 West 115th Street, New York, NY, 10026","Public charter, K-5",220
7/10,The East Village Community School,"610 East 12th Street, New York, NY, 10009","Public district, PK-5",314
7/10,Amber Charter School,"220 East 106th Street, New York, NY, 10029","Public charter, K-5",497
7/10,KIPP S.T.A.R. Charter School,"433 West 123rd Street, New York, NY, 10027","Public charter, K-3, 5-12",922
7/10,City College Academy Of The Arts,"4600 Broadway, New York, NY, 10040","Public district, 6-12",600
7/10,47 the American Sign Language and English Lower School,"223 East 23rd Street, New York, NY, 10010","Public district, PK-8",195
7/10,River East Elementary School,"2351 1st Avenue, New York, NY, 10035","Public district, PK-5",189
7/10,Paula Hedbavny School,"421 West 219th Street, New York, NY, 10034","Public district, K-8",558
7/10,Democracy Preparatory Charter School,"2230 5th Avenue, New York, NY, 10037","Public charter, 6-12",691
7/10,The Equity Project Charter School,"549 Audubon Avenue, New York, NY, 10040","Public charter, K-1, 5-8",720
7/10,Democracy Prep Endurance Charter School,"250 West 127th Street, New York, NY, 10027","Public charter, 6-11",440
7/10,Neighborhood Charter School of Harlem,"132 West 124th Street, New York, NY, 10027","Public charter, K-6",465
7/10,West End Secondary School,"227 West 61st Street, New York, NY, 10023","Public district, 6-8",339
6/10,Park East High School,"230 East 105th Street, New York, NY, 10029","Public district, 9-12",400
6/10,East Side Community School,"420 East 12th Street, New York, NY, 10009","Public district, 6-12",678
6/10,Ps 7 Samuel Stern,"160 East 120th Street, New York, NY, 10035","Public district, PK-8",356
6/10,Ps 15 Roberto Clemente,"333 East 4th Street, New York, NY, 10009","Public district, PK-5",191
6/10,Ps 153 Adam Clayton Powell,"1750 Amsterdam Avenue, New York, NY, 10031","Public district, PK-5",590
6/10,Ps 173,"306 Fort Washington Avenue, New York, NY, 10033","Public district, PK-5",484
6/10,Ps Is 187 Hudson Cliffs,"349 Cabrini Boulevard, New York, NY, 10040","Public district, PK-8",794
6/10,Ps 192 Jacob H Schiff,"500 West 138th Street, New York, NY, 10031","Public district, PK-5",442
6/10,The Children's Workshop School,"610 East 12th Street, New York, NY, 10009","Public district, PK-5",318
6/10,Tompkins Square Middle School,"600 East 6th Street, New York, NY, 10009","Public district, 6-8",376
6/10,Ps 92 Mary Mcleod Bethune,"222 West 134th Street, New York, NY, 10030","Public district, PK-5",263
6/10,Ms 319 Marie Teresa,"21 Jumel Place, New York, NY, 10032","Public district, 6-8",421
6/10,Frank Mccourt High School,"145 West 84th Street, New York, NY, 10024","Public district, 9-12",410
6/10,Democracy Prep Harlem Charter School,"207 West 133rd Street, New York, NY, 10030","Public charter, K-4, 6-12",930
6/10,Great Oaks Charter School,"38 Delancey Street-3rd Fl, New York, NY, 10002","Public charter, 6-8",215
6/10,Harlem Hebrew Language Academy,"147 Saint Nicholas Avenue, New York, NY, 10026","Public charter, K-5",388
6/10,E Harlem Scholars Acad Charter School,"2050 2nd Avenue, New York, NY, 10029","Public charter, PK-7",525
6/10,New York French American Charter School,"311 West 120th Street, New York, NY, 10027","Public charter, K-5",284
6/10,HAMILTON GRANGE MIDDLE SCHOOL,"500 West 138th Street, New York, NY, 10031","Public district, 6-8",267
5/10,Chelsea Career And Technical Education High School,"131 6th Avenue, New York, NY, 10013","Public district, 9-12",432
5/10,The High School of Fashion Industries,"225 West 24th Street, New York, NY, 10011","Public district, 9-12","1,601"
5/10,The Bilingual Bicultural School,"219 East 109th Street, New York, NY, 10029","Public district, K-5",312
5/10,Ps 84 Lilian Weber,"32 West 92nd Street, New York, NY, 10025","Public district, PK-5",648
5/10,Ps 111 Adolph S Ochs,"440 West 53rd Street, New York, NY, 10019","Public district, PK-5",390
5/10,Ps 142 Amalia Castro,"100 Attorney Street, New York, NY, 10002","Public district, PK-5",344
5/10,Ps 145 The Bloomingdale School,"150 West 105th Street, New York, NY, 10025","Public district, PK-5",381
5/10,Ps Is 210 21st Century Academy For Community Lders,"501 West 152nd Street, New York, NY, 10031","Public district, PK-8",421
5/10,Professor Juan Bosch Public School,"12 Ellwood Street, New York, NY, 10040","Public district, K-5",296
5/10,Ps 175 Henry H Garnet,"175 West 134th Street, New York, NY, 10030","Public district, PK-5",319
5/10,Harlem Day Charter School,"240 East 123rd Street, New York, NY, 10035","Public charter, K-10",913
5/10,Ms 256 Academic And Athletic Excellence,"154 West 93rd Street, New York, NY, 10025","Public district, 6-8",140
5/10,University Neighborhood High School,"200 Monroe Street, New York, NY, 10002","Public district, 9-12",472
5/10,Earth School,"600 East 6th Street, New York, NY, 10009","Public district, PK-5",349
5/10,Marble Hill High School of International Studies,"99 Terrace View Avenue, New York, NY, 10463","Public district, 9-12",439
5/10,Manhattan Bridges High School,"525 West 50th Street, New York, NY, 10019","Public district, 9-12",513
5/10,Ps 83 Luis Munoz Rivera,"219 East 109th Street, New York, NY, 10029","Public district, PK-5",433
5/10,Harlem Village Academy West Charter,"35 West 124th Street, New York, NY, 10027","Public charter, K-12",932
5/10,Thurgood Marshall Academy Lower School,"282 West 151st Street, New York, NY, 10039","Public district, K-5",221
5/10,Middle School 322,"4600 Broadway, New York, NY, 10040","Public district, 6-8",302
5/10,Harlem Village Academy Leadership Middle School,"35 West 124th Street, New York, NY, 10027","Public charter, K-12",820
5/10,Amistad Dual Language School,"4862 Broadway, New York, NY, 10034","Public district, K-8",391
5/10,Ms 324 Patria Mirabal,"21 Jumel Place, New York, NY, 10032","Public district, 6-8",392
5/10,New Heights Academy Charter School,"1818 Amsterdam Avenue, New York, NY, 10031","Public charter, 5-12",755
5/10,Lower East Side Preparatory High School,"145 Stanton Street, New York, NY, 10002","Public district, 9-12",500
5/10,Yorkville Community School,"421 East 88th Street, New York, NY, 10128","Public district, PK-5",513
5/10,CITY KNOLL MIDDLE SCHOOL,"425 West 33rd Street, New York, NY, 10001","Public district, 6-8",237
5/10,Inwood Academy For Leadership Charter School,"108 Cooper Street, New York, NY, 10034","Public charter, 5-12",892
5/10,East Harlem Scholars Academy Charter School II,"1573 Madison Avenue, New York, NY, 10029","Public charter, K-5",341
5/10,Teachers College Community School,"223 West 132nd Street, New York, NY, 10027","Public district, PK-6",285
5/10,Manhattan Early College School For Advertising,"411 Pearl Street, New York, NY, 10038","Public district, 9-12",368
4/10,Is 218 Salome Urena,"4600 Broadway, New York, NY, 10040","Public district, 6-8",173
4/10,Ps 5 Ellen Lurie,"3703 10th Avenue, New York, NY, 10040","Public district, PK-5",593
4/10,Is 528 Bea Fuller Rodgers School,"180 Wadsworth Avenue, New York, NY, 10033","Public district, 6-8",226
4/10,High School for Health Professions & Human Services,"345 East 15th Street, New York, NY, 10003","Public district, 9-12","1,817"
4/10,High School Of Economics And Finance,"100 Trinity Place, New York, NY, 10006","Public district, 9-12",750
4/10,Frederick Douglass Academy,"2581 Adam Clayton Powell Junior Boulevard, New York, NY, 10001","Public district, 6-12","1,360"
4/10,Ps 8 Luis Belliard,"465 West 167th Street, New York, NY, 10032","Public district, PK-5",527
4/10,Repertory Company High School for Theatre Arts,"123 West 43rd Street, New York, NY, 10036","Public district, 9-12",242
4/10,Art and Design High School,"231 East 56th Street, New York, NY, 10022","Public district, 9-12","1,445"
4/10,Ps 20 Anna Silver,"166 Essex Street, New York, NY, 10002","Public district, PK-5",494
4/10,Ps 28 Wright Brothers,"475 West 155th Street, New York, NY, 10032","Public district, PK-5",668
4/10,Ps 30 Hernandez Hughes,"144 East 128th Street, New York, NY, 10035","Public district, PK-5",250
4/10,Ps 36 Margaret Douglas,"123 Morningside Drive, New York, NY, 10027","Public district, PK-5",395
4/10,Ps 154 Harriet Tubman,"250 West 127th Street, New York, NY, 10027","Public district, PK-5",293
4/10,James Weldon Johnson School,"176 East 115th Street, New York, NY, 10029","Public district, PK-8",803
4/10,Ps 140 Nathan Straus,"123 Ridge Street, New York, NY, 10002","Public district, PK-8",371
4/10,P.S. 161 Pedro Albizu Campos,"499 West 133rd Street, New York, NY, 10027","Public district, K-8",827
4/10,Ps 165 Robert E Simon,"234 West 109th Street, New York, NY, 10025","Public district, PK-8",600
4/10,Richard R Green High School Of Teaching,"7 Beaver Street, New York, NY, 10004","Public district, 9-12",502
4/10,Stem Institute Of Manhattan,"240 West 113th Street, New York, NY, 10026","Public district, K-5",133
4/10,Ms 250 West Side Collaborative Middle School,"735 West End Avenue, New York, NY, 10025","Public district, 6-8",180
4/10,Harbor Science and Arts Charter School,"132/142 East 111th Street, New York, NY, 10029","Public charter, K-8",252
4/10,Ms 224 Manhattan East School For Arts And Academy,"410 East 100th Street, New York, NY, 10029","Public district, 6-8",174
4/10,Ps 64 Robert Simon,"600 East 6th Street, New York, NY, 10009","Public district, PK-5",243
4/10,New Design High School,"350 Grand Street, New York, NY, 10002","Public district, 9-12",420
4/10,Ps 180 Hugo Newman,"370 West 120th Street, New York, NY, 10027","Public district, PK-8",548
4/10,American Sign Language & English Secondary School,"223 East 23rd Street, New York, NY, 10010","Public district, 9-12",170
4/10,Food And Finance High School,"525 West 50th Street, New York, NY, 10019","Public district, 9-12",383
4/10,Pace High School,"100 Hester Street, New York, NY, 10002","Public district, 9-12",535
4/10,Harlem Link Charter School,"20 West 112th Street, New York, NY, 10026","Public charter, K-5",414
4/10,Future Leaders Institute Charter School,"134 West 122nd Street, New York, NY, 10027","Public charter, K-8",399
4/10,Isaac Newton Ms For Math And Science,"260 Pleasant Avenue, New York, NY, 10029","Public district, 6-8",192
4/10,Central Park East Ii,"433 East 100th Street, New York, NY, 10029","Public district, PK-8",445
4/10,Harbor Heights Middle School,"306 Fort Washington Avenue, New York, NY, 10033","Public district, 6-8",129
4/10,Community Health Academy of the Heights,"504 West 158th Street, New York, NY, 10032","Public district, 6-12",690
4/10,Gramercy Arts High School,"40 Irving Place, New York, NY, 10003","Public district, 9-12",493
4/10,Manhattan Business Academy,"351 West 18th Street, New York, NY, 10011","Public district, 9-12",422
4/10,Emma Lazarus High School,"100 Hester Street, New York, NY, 10002","Public district, 9-12",276
4/10,Quest To Learn,"351 West 18th Street, New York, NY, 10011","Public district, 6-12",579
4/10,West Prep Academy,"150 West 105th Street, New York, NY, 10025","Public district, 6-8",201
4/10,Esperanza Prepatory Academy,"240 East 109th Street, New York, NY, 10029","Public district, 6-12",564
4/10,Mosaic Preparatory Academy,"141 East 111th Street, New York, NY, 10029","Public district, PK-5",328
4/10,Renaissance School Of The Arts,"319 East 117th Street, New York, NY, 10035","Public district, 6-8",146
4/10,St Hope Leadership Academy Charter School,"222 West 134th Street, New York, NY, 10030","Public charter, 6-8",303
4/10,Urban Assembly New York Harbor School,"10 South Street, New York, NY, 10004","Public district, 9-12",532
4/10,Urban Assembly Gateway School For Technology,"439 West 49th Street, New York, NY, 10019","Public district, 9-12",444
4/10,Academy for Software Engineering,"40 Irving Place, New York, NY, 10003","Public district, 9-12",456
4/10,Atmosphere Academy Public Charter,"22 Marble Hill Avenue, New York, NY, 10463","Public charter, 6-8",391
4/10,Global Community Charter School,"2350 5th Avenue, New York, NY, 10037","Public charter, K-5 & Ungraded",450
3/10,High School for Environmental Studies,"444 West 56th Street, New York, NY, 10019","Public district, 9-12","1,201"
3/10,Ps 18 Park Terrace,"4124 9th Avenue, New York, NY, 10034","Public district, K-8",349
3/10,Ps 48 Po Michael J Buczek,"4360 Broadway, New York, NY, 10033","Public district, PK-5",547
3/10,Vanguard High School,"317 East 67th Street, New York, NY, 10065","Public district, 9-12",451
3/10,Unity Center For Urban Technologies,"111 East 33rd Street, New York, NY, 10016","Public district, 9-12",250
3/10,Institute For Collaborative Education,"345 East 15th Street, New York, NY, 10003","Public district, 6-12",491
3/10,Ps 34 Franklin D Roosevelt,"730 East 12th Street, New York, NY, 10009","Public district, PK-8",326
3/10,Ps 46 Arthur Tappan,"2987 Frederick Douglass Boulevard, New York, NY, 10039","Public district, PK-8",663
3/10,The Lexington Academy,"131 East 104th Street, New York, NY, 10029","Public district, PK-8",615
3/10,P.S. 102 Jacques Cartier,"315 East 113th Street, New York, NY, 10029","Public district, PK-5",314
3/10,Ps 115 Alexander Humboldt,"586 West 177th Street, New York, NY, 10033","Public district, PK-5",452
3/10,Ps 123 Mahalia Jackson,"301 West 140th Street, New York, NY, 10030","Public district, PK-8",477
3/10,Ps 128 Audubon,"560 West 169th Street, New York, NY, 10032","Public district, PK-5",585
3/10,Ps 134 Henrietta Szold,"293 East Broadway, New York, NY, 10002","Public district, PK-5",293
3/10,Jhs 143 Eleanor Roosevelt,"511 West 182nd Street, New York, NY, 10033","Public district, 6-8",263
3/10,Ps 146 Ann M Short,"421 East 106th Street, New York, NY, 10029","Public district, PK-5",334
3/10,PS 149 Sojourner Truth,"41 West 117th Street, New York, NY, 10026","Public district, PK-8",238
3/10,Ps 152 Dyckman Valley,"93 Nagle Avenue, New York, NY, 10040","Public district, PK-5",574
3/10,Ps 189,"2580 Amsterdam Avenue, New York, NY, 10040","Public district, PK-5",810
3/10,Ps 191 Amsterdam,"300 West 61st Street, New York, NY, 10023","Public district, PK-8",497
3/10,Ps Ms 206 Jose Celso Barbosa,"508 East 120th Street, New York, NY, 10035","Public district, 3-8",465
3/10,Humanities Preparatory Academy,"351 West 18th Street, New York, NY, 10011","Public district, 9-12",233
3/10,A Philip Randolph Campus High School,"433 West 135th Street, New York, NY, 10031","Public district, 9-12","1,379"
3/10,Jhs 52 Inwood,"650 Academy Street, New York, NY, 10034","Public district, 6-8",268
3/10,Manhattan Comprehensive Night And Day High School,"240 2nd Avenue, New York, NY, 10003","Public district, 10-12",587
3/10,Ps 242 The Young Diplomats Magnet School,"134 West 122nd Street, New York, NY, 10027","Public district, PK-5",171
3/10,In Tech Academy Aka Ms High School 368,"2975 Tibbett Avenue, New York, NY, 10463","Public district, 6-12",993
3/10,Ps 188 The Island School,"442 East Houston Street, New York, NY, 10002","Public district, PK-8",431
3/10,"High School for Law, Advocacy and Community Justice","122 Amsterdam Avenue, New York, NY, 10023","Public district, 9-12",462
3/10,Thurgood Marshall Academy For Learning And Social,"200 West 135th Street, New York, NY, 10030","Public district, 6-12",534
3/10,Harvey Milk High School,"2 Astor Place, New York, NY, 10003","Public district, 9-12",62
3/10,Urban Assembly Academy Of Government And Law,"350 Grand Street, New York, NY, 10002","Public district, 9-12",311
3/10,Lower Manhattan Arts Academy,"350 Grand Street, New York, NY, 10002","Public district, 9-12",329
3/10,University Neighborhood Middle School,"220 Henry Street, New York, NY, 10002","Public district, 5-8",201
3/10,Henry Street School For International Studies,"220 Henry Street, New York, NY, 10002","Public district, 9-12",173
3/10,Essex Street Academy,"350 Grand Street, New York, NY, 10002","Public district, 9-12",338
3/10,Urban Assembly School Of Design And Construction,"525 West 50th Street, New York, NY, 10019","Public district, 9-12",353
3/10,Urban Assembly School for Media Studies,"122 Amsterdam Avenue, New York, NY, 10023","Public district, 9-12",401
3/10,Frederick Douglas Academy II Secondary School,"215 West 114th Street, New York, NY, 10026","Public district, 6-12",355
3/10,Central Park East I,"1573 Madison Avenue, New York, NY, 10029","Public district, PK-5",200
3/10,Ms 328 Manhattan Middle School For Scientific Inqu,"401 West 164th Street, New York, NY, 10032","Public district, 6-8",223
3/10,Washington Heights Expeditionary Learning School,"511 West 182nd Street, New York, NY, 10033","Public district, PK-3, 6-12",820
3/10,School For Global Leaders,"145 Stanton Street, New York, NY, 10002","Public district, 6-8",259
3/10,Business Of Sports School,"439 West 49th Street, New York, NY, 10019","Public district, 9-12",432
3/10,High School For Language And Diplomacy,"40 Irving Place, New York, NY, 10003","Public district, 9-12",328
3/10,Global Technology Preparatory,"160 East 120th Street, New York, NY, 10035","Public district, 6-8",126
3/10,Academy of Innovative Technology,"999 Jamaica Avenue, New York, NY, 11208","Public district, 9-12",401
3/10,Cypress Hills Collegiate Preparatory School,"999 Jamaica Avenue, New York, NY, 11208","Public district, 9-12",246
3/10,Murray Hill Academy,"111 East 33rd Street, New York, NY, 10016","Public district, 9-12",317
3/10,Broome Street Academy Charter High School,"121 6th Avenue, New York, NY, 10013","Public charter, 9-12",333
3/10,The New Visions Charter High School For The Humani,"99 Terrace View Avenue, New York, NY, 10463","Public charter, 9-12",543
3/10,New Visions Charter High School For Advanced Math,"99 Terrace View Avenue, New York, NY, 10463","Public charter, 9-12",501
3/10,Manhattan Charter School II,"220 Henry Street, New York, NY, 10002","Public charter, K-5",240
3/10,Dos Puentes Elementary School,"185 Wadsworth Avenue, New York, NY, 10033","Public district, K-4",350
3/10,Urban Assembly-Emergency Management,"411 Pearl Street, New York, NY, 10038","Public district, 9-12",279
3/10,Urban Assembly Maker Academy,"411 Pearl Street, New York, NY, 10038","Public district, 9-12",389
3/10,INWOOD EARLY COLLEGE FOR HEALTH AND INFORMATION TECHNOLOGIES,"650 Academy Street, New York, NY, 10034","Public district, 9-12",371
3/10,School In The Square Public Charter School,"120 Wadsworth Avenue, New York, NY, 10033","Public charter, 6-7",204
2/10,Landmark High School,"351 West 18th Street, New York, NY, 10011","Public district, 9-12",349
2/10,Wadleigh Secondary School for the Performing and Visual Arts,"215 West 114th Street, New York, NY, 10026","Public district, 6-12",273
2/10,Leadership And Public Service High School,"90 Trinity Place, New York, NY, 10006","Public district, 9-12",694
2/10,Gregorio Luperon High School for Science and Mathematics,"501 West 165th Street, New York, NY, 10032","Public district, 9-12",501
2/10,Jacqueline Kennedy-Onassis High School,"120 West 46th Street, New York, NY, 10036","Public district, 9-12",564
2/10,Ps 4 Duke Ellington,"500 West 160th Street, New York, NY, 10032","Public district, PK-5",560
2/10,Murry Bergtraum High School For Business Careers,"411 Pearl Street, New York, NY, 10038","Public district, 9-12",264
2/10,Ps 38 Roberto Clemente,"232 East 103rd Street, New York, NY, 10029","Public district, PK-5",217
2/10,Ps 76 A Phillip Randolph,"220 West 121st Street, New York, NY, 10027","Public district, PK-8",454
2/10,Ps 98 Shorac Kappock,"512 West 212th Street, New York, NY, 10034","Public district, PK-5",461
2/10,Ps 108 Assemblyman Angelo Del Toro Educational Com,"1615 Madison Avenue, New York, NY, 10029","Public district, PK-8",448
2/10,Ps 129 John H Finley,"425 West 130th Street, New York, NY, 10027","Public district, PK-8",439
2/10,Ps 132 Juan Pablo Duarte,"185 Wadsworth Avenue, New York, NY, 10033","Public district, K-5",303
2/10,Ps 133 Fred R Moore,"2121 5th Avenue, New York, NY, 10037","Public district, PK-5",212
2/10,Ps 197 John B Russwurm,"2230 5th Avenue, New York, NY, 10037","Public district, PK-5",307
2/10,Ps 200 The James Mccune Smith School,"2589 7th Avenue, New York, NY, 10036","Public district, PK-5",390
2/10,Ps 208 Alain L Locke,"21 West 111th Street, New York, NY, 10026","Public district, 3-5",127
2/10,Dr Susan S Mckinney Secondary School Of The Arts,"101 Park Avenue, New York, NY, 10017","Public district, 6-12",370
2/10,The Heritage School,"1680 Lexington Avenue, New York, NY, 10029","Public district, 9-12",297
2/10,Urban Academy Laboratory High School,"317 East 67th Street, New York, NY, 10065","Public district, 9-12",162
2/10,High School for International-Business & Finance,"549 Audubon Avenue, New York, NY, 10040","Public district, 9-12",447
2/10,High School for Law & Public Service,"549 Audubon Avenue, New York, NY, 10040","Public district, 9-12",540
2/10,High School for Health Careers & Sciences,"549 Audubon Avenue, New York, NY, 10040","Public district, 9-12",461
2/10,Life Sciences Secondary School,"320 East 96th Street, New York, NY, 10128","Public district, 6-12",573
2/10,Is 286 Renaissance Military Leadership Academy,"509 West 129th Street, New York, NY, 10027","Public district, 6-8",167
2/10,Manhattan International High School,"317 East 67th Street, New York, NY, 10065","Public district, 9-12",335
2/10,PS 96 Joseph Lanzetta,"216 East 120th Street, New York, NY, 10035","Public district, PK-8",398
2/10,High School of Arts and Technology,"122 Amsterdam Avenue, New York, NY, 10023","Public district, 9-12",504
2/10,Bronx Theatre High School,"99 Terrace View Avenue, New York, NY, 10463","Public district, 9-12",386
2/10,James Baldwin School A School For Expeditionary Lr,"351 West 18th Street, New York, NY, 10011","Public district, 9-12",239
2/10,"High School for Arts, Imagination and Inquiry","122 Amsterdam Avenue, New York, NY, 10023","Public district, 9-12",361
2/10,High School Of Hospitality Management,"525 West 50th Street, New York, NY, 10019","Public district, 9-12",387
2/10,Mott Hall High School,"6 Edgecombe Avenue, New York, NY, 10030","Public district, 9-12",299
2/10,Opportunity Charter School,"240 West 113th Street, New York, NY, 10026","Public charter, 6-12",411
2/10,Bronx Engineering and Technology Academy,"99 Terrace View Avenue, New York, NY, 10463","Public district, 9-12",409
2/10,Bronx School Of Law And Finance,"99 Terrace View Avenue, New York, NY, 10463","Public district, 9-12",373
2/10,Facing History School,"525 West 50th Street, New York, NY, 10019","Public district, 9-12",381
2/10,Cascades High School,"198 Forsyth Street, New York, NY, 10002","Public district, 9-12",217
2/10,Liberty High School Academy For Newcomers,"250 West 18th Street, New York, NY, 10011","Public district, 9-12",391
2/10,Edward A Reynolds West Side High School,"140 West 102nd Street, New York, NY, 10025","Public district, 9-12",408
2/10,Urban Assembly for the Performing Arts,"509 West 129th Street, New York, NY, 10027","Public district, 9-12",362
2/10,Urban Assembly School Of Business For Young Women,"26 Broadway, New York, NY, 10004","Public district, 9-12",238
2/10,Urban Assembly School for Green Careers,"145 West 84th Street, New York, NY, 10024","Public district, 9-12",307
2/10,The Global Learning Collaborative,"145 West 84th Street, New York, NY, 10024","Public district, 9-12",435
2/10,Innovation Diploma Plus,"145 West 84th Street, New York, NY, 10024","Public district, 10-12",185
2/10,Coalition School For Social Change,"2351 1st Avenue, New York, NY, 10035","Public district, 9-12",123
2/10,Multicultural High School,"999 Jamaica Avenue, New York, NY, 11208","Public district, 9-12",226
2/10,Hudson High School Of Learning Technologies,"351 West 18th Street, New York, NY, 10011","Public district, 9-12",473
2/10,International High School at Union Square,"40 Irving Place, New York, NY, 10003","Public district, 9-12",349
2/10,Manhattan Academy For Arts And Languages,"111 East 33rd Street, New York, NY, 10016","Public district, 9-12",266
2/10,New Design Middle School,"625 West 133rd Street, New York, NY, 10027","Public district, 6-8",128
2/10,Union Square Acad for Health Science,"40 Irving Place, New York, NY, 10003","Public district, 9-12",397
2/10,New Visions Charter HS-Humanities III,"3000 Avenue X , New York, NY, 10017","Public charter, 9-12",343
2/10,Eagle Academy For Young Men-Harlem,"6 Edgecombe Avenue, New York, NY, 10030","Public district, 6-10",320
2/10,Stephen T Mather Bldg Arts-Craftsman,"439 West 49th Street, New York, NY, 10019","Public district, 9-12",401
2/10,URBAN ASSEMBLY SCHOOL FOR COLLABORATIVE HEALTHCARE,"999 Jamaica Avenue, New York, NY, 11208","Public district, 9-12",315
2/10,Capital Prep (Cp) Harlem Charter,"1 East 104th Street, New York, NY, 10029","Public charter, 6-8",229
1/10,Marta Valle High School,"145 Stanton Street, New York, NY, 10002","Public district, 9-12",149
1/10,Ps 50 Vito Marcantonio,"433 East 100th Street, New York, NY, 10029","Public district, K-8",252
1/10,Ps 155 William Paca,"319 East 117th Street, New York, NY, 10035","Public district, PK-5",260
1/10,Ps 194 Countee Cullen,"244 West 144th Street, New York, NY, 10030","Public district, PK-5",231
1/10,High School for Media & Communications,"549 Audubon Avenue, New York, NY, 10040","Public district, 9-12",404
1/10,Knowledge And Power Prep Academy Iv,"6 Edgecombe Avenue, New York, NY, 10030","Public district, 6-8",141
1/10,High School 560 City As School,"16 Clarkson Street, New York, NY, 10014","Public district, 10-12",540
1/10,Independence High School,"850 10th Avenue, New York, NY, 10019","Public district, 9-12",302
1/10,Satellite Academy High School,"120 West 30th Street, New York, NY, 10001","Public district, 9-12",291
1/10,Academy For Social Action A College Board School,"509 West 129th Street, New York, NY, 10027","Public district, 8-12",85
1/10,Hamilton Heights School,"1750 Amsterdam Avenue, New York, NY, 10031","Public district, K-5",171
1/10,Harlem Renaissence High School,"22 East 128th Street, New York, NY, 10035","Public district, 9-12",222
1/10,High School For Excellence And Innovation,"650 Academy Street, New York, NY, 10034","Public district, 9-12",194
1/10,English Language Learners And International Suppor,"99 Terrace View Avenue, New York, NY, 10463","Public district, 9-12",333
1/10,Brooklyn Lab School,"999 Jamaica Avenue, New York, NY, 11208","Public district, 9-12",391
1/10,Rensaissance Charter High School For Innovation,"410 East 100th Street, New York, NY, 10029","Public charter, 9-12",446
1/10,Urban Assembly-Global Commerce,"2005 Madison Avenue, New York, NY, 10035","Public district, 9-12",244
,Bright Horizons at West 63rd,"425 Freedom Place South, New York, NY, 10069","Private, PK",83
,Ps 112 Jose Celso Barbosa,"535 East 119th Street, New York, NY, 10035","Public district, PK-2",303
,Blue School,"241 Water Street, New York, NY, 10038","Private, PK-8",283
,P.S. 185 the Early Childhood Discovery and Design Magnet School,"20 West 112th Street, New York, NY, 10026","Public district, PK-2",245
,BASIS Independent Manhattan,"795 Columbus Avenue, New York, NY, 10025","Private, K-8",300
,Gold Material Montessori School - Kips Bay Branch,"484 2nd Avenue, 2nd Floor, New York, NY, 10016","Private, PK",45
,Sacred Heart Of Jesus School,"456 West 52nd Street, New York, NY, 10019","Private, PK-8",223
,La Salle Academy,"215 East 6th Street, New York, NY, 10003","Private, 10-12",350
,St Joseph School,"1 Monroe Street, New York, NY, 10002","Private, PK-8",205
,St Mark The Evangelist School,"55 West 138th Street, New York, NY, 10037","Private, PK-8",220
,St Paul School,"114 East 118th Street, New York, NY, 10035","Private, K-8",229
,St Rose Of Lima School,"517 West 164th Street, New York, NY, 10032","Private, PK-8",185
,St. Stephen of Hungary School,"408 E 82nd St, New York, NY, 10028","Private, PK-8",345
,St Vincent Ferrer High School,"151 East 65th Street, New York, NY, 10065","Private, 9-12",516
,Transfiguration School,"29 Mott Street, New York, NY, 10013","Private, K-8",594
,Xavier High School,"30 West 16th Street, New York, NY, 10011","Private, 9-12","1,090"
,St. Gregory the Great School,"138 W 90th St, New York, NY, 10024","Private, PK-8",205
,St. Elizabeth School,"612 West 187th Street, New York, NY, 10033","Private, PK-8",333
,St Aloysius School,"223 West 132nd Street, New York, NY, 10027","Private, PK-8",196
,St. Agnes Boys High School,"555 West End Avenue, New York, NY, 10024","Private, 9-12",250
,Regis High School,"55 E 84th St, New York, NY, 10028","Private, 9-12",530
,Our Lady of Lourdes School,"468 West 143rd Street, New York, NY, 10031","Private, PK-8",322
,Notre Dame School,"327 W 13th St, New York, NY, 10014","Private, 9-12",310
,Mother Cabrini High School,"701 Fort Washington Avenue, New York, NY, 10040","Private, 9-12",296
,Loyola School,"980 Park Avenue, New York, NY, 10028","Private, 9-12",208
,Incarnation School,"570 W 175th St, New York, NY, 10033","Private, PK-8",416
,Immaculate Conception School,"419 East 13th Street, New York, NY, 10009","Private, PK-8",248
,Holy Cross School,"332 West 43rd Street, New York, NY, 10036","Private, PK-8",188
,Guardian Angel School,"193 10th Avenue, New York, NY, 10011","Private, PK-8",208
,Good Shepherd School,"620 Isham Street, New York, NY, 10034","Private, PK-8",280
,Dominican Academy,"44 E 68th St, New York, NY, 10065","Private, 9-12",220
,Cathedral High School,"350 East 56th Street, New York, NY, 10022","Private, 9-12",556
,Annunciation School,"461 West 131st Street, New York, NY, 10027","Private, K-8",204
,Our Lady Of Mt Carmel School,"2465 Bathgate Avenue, New York, NY, 10458","Private, PK-8",288
,Our Lady Of Mercy School,"2512 Marion Avenue, New York, NY, 10458","Private, PK-8",232
,Aquinas High School,"685 East 182nd Street, New York, NY, 10457","Private, 9-12",403
,School Of The Blessed Sacrament School,"147 West 70th Street, New York, NY, 10023","Private, PK-8",413
,Convent of the Sacred Heart,"1 E 91st St, New York, NY, 10128","Private, PK-12",681
,Our Lady Queen of Martyrs,"71 Arden Street, New York, NY, 10040","Private, PK-8",291
,St Ann School,"314 East 110th Street, New York, NY, 10029","Private, PK-8",214
,St. Brigid School,"185 E 7th St, New York, NY, 10009","Private, PK-8",160
,Academy Of Saint Joseph,"111 Washington Place, New York, NY, 10014","Private, PK-8",101
,Epiphany Elementary School,"234 East 22nd Street, New York, NY, 10010","Private, PK-8",552
,Mount Carmel-Holy Rosary School,"371 Pleasant Avenue, New York, NY, 10035","Private, PK-8",270
,Our Lady of Pompeii School,"240 Bleecker St, New York, NY, 10014","Private, PK-8",200
,Our Lady Queen of Angels School,"229 East 112th Street, New York, NY, 10029","Private, PK-8",298
,Corpus Christi School,"535 West 121st Street, New York, NY, 10027","Private, PK-8",192
,Saint Albans,"317 East 50th Street, New York, NY, 10022","Private, PK-8",90
,St. Charles Borromeo,"214 W 142nd St, New York, NY, 10030","Private, K-8",290
,St. Joseph's School-Yorkville,"420 E 87th St, New York, NY, 10128","Private, PK-8",249
,Holy Name Of Jesus School,"241 Prospect Park West, New York, NY, 11215","Private, PK-8",239
,St. Brigid School,"438 Grove Street, New York, NY, 11237","Private, PK-8",242
,St Adalbert Elementary School,"52-17 83rd Street, New York, NY, 11373","Private, PK-8",335
,Sacred Heart School,"84-05 78th Avenue, New York, NY, 11385","Private, PK-8",308
,The Kings Academy,"2345 3rd Avenue, New York, NY, 10035","Private, PK-9",45
,St Margaret School,"66-10 80th Street, New York, NY, 11379","Private, PK-8",383
,Corpus Christi School,"31-29 60th Street, New York, NY, 11377","Private, PK-8",177
,Washington Heights Hellenic,"120 Wadsworth Avenue, New York, NY, 10033","Private, PK-8",163
,St Saviour High School,"588 6th Street, New York, NY, 11215","Private, 9-12",209
,Bishop Kearney High School,"2202 60th Street, New York, NY, 11204","Private, 9-12",400
,Cathedral Prep Seminary,"56-25 92nd Street, New York, NY, 11373","Private, 9-12",134
,Friends Seminary,"222 East 16th Street, New York, NY, 10003","Private, K-12",776
,St Lukes School,"487 Hudson Street, New York, NY, 10014","Private, PK-8",320
,Talmud Torah Tashbar,"128 Franklin Avenue, New York, NY, 11205","Private, PK-10",331
,Yeshiva University High School,"2540 Amsterdam Avenue, New York, NY, 10033","Private, 9-12",315
,Beth Jacob Parochial School,"142 Broome Street, New York, NY, 10002","Private, K-8",197
,The Cathedral School,"319 East 74th Street, New York, NY, 10021","Private, PK-8",100
,Manhattan Country School,"150 West 85th Street, New York, NY, 10024","Private, PK-8",247
,Rudolf Steiner School,"15 E 79th St, New York, NY, 10075","Private, PK-12",321
,The Cathedral School of St. John the Divine,"1047 Amsterdam Avenue, New York, NY, 10025","Private, K-8",300
,Manhattan Day School,"310 W 75th St, New York, NY, 10023","Private, PK-8",414
,The Wee Ones School,"128 East 36th Street, New York, NY, 10016","Private, PK",15
,Professional Children's School,"132 West 60th Street, New York, NY, 10023","Private, 6-12",196
,Alexander Robertson School,"3 West 95th Street, New York, NY, 10025","Private, PK-5",80
,The Allen-Stevenson School,"132 East 78th Street, New York, NY, 10075","Private, K-9",407
,The Churchill School and Center,"301 East 29th Street, New York, NY, 10016","Private, K-12",402
,Robert Louis Stevenson School,"24 W 74th St, New York, NY, 10023","Private, 7-12",47
,Ramaz Lower School,"125 E 85th St, New York, NY, 10028","Private, PK-4",394
,St Hilda's & St Hugh's School,"619 West 114th Street, New York, NY, 10025","Private, PK-8",389
,Grace Church School,"86 4th Avenue, New York, NY, 10003","Private, PK-8",727
,Nightingale-Bamford School,"20 East 92nd Street, New York, NY, 10128","Private, K-12",592
,Bank Street School for Children,"610 W 112th St, New York, NY, 10025","Private, PK-8",465
,The Hewitt School,"45 East 75th Street, New York, NY, 10021","Private, K-12",522
,Brearley School,"610 East 83rd Street, New York, NY, 10028","Private, K-12",705
,Ethical Culture-Fieldston School,"33 Central Park W, New York, NY, 10023","Private, PK-5",433
,St Bernards School,"4 East 98th Street, New York, NY, 10029","Private, K-9",380
,The Spence School,"22 East 91st Street, New York, NY, 10128","Private, K-12",705
,The Browning School,"52 East 62nd Street, New York, NY, 10065","Private, K-12",408
,Collegiate School,"260 West 78th Street, New York, NY, 10024","Private, K-12",651
,The Town School,"540 East 76th Street, New York, NY, 10021","Private, PK-K",400
,The Caedmon School,"416 East 80th Street, New York, NY, 10075","Private, PK-5",249
,Columbia Grammar & Preparatory School,"5 West 93rd Street, New York, NY, 10025","Private, PK-12","1,251"
,Corlears School,"324 West 15th Street, New York, NY, 10011","Private, PK-5",142
,York Prep School,"40 West 68th Street, New York, NY, 10023","Private, 6-12",360
,Lycee Francais De New York,"505 East 75th Street, New York, NY, 10021","Private, PK-12","1,360"
,Rabbi Arthur Schneier Park East Day School,"164 East 68th Street, New York, NY, 10065","Private, PK-8",312
,Rodeph Sholom School,"10 West 84th Street, New York, NY, 10024","Private, PK-8",607
,Dalton School,"108 East 89th Street, New York, NY, 10128","Private, K-12","1,322"
,The Beekman School,"220 East 50th Street, New York, NY, 10022","Private, 9-12",67
,Village Community School,"272-278 West 10th Street, New York, NY, 10014","Private, K-8",350
,Trinity School,"139 West 91st Street, New York, NY, 10024","Private, K-12","1,001"
,Northeastern Academy,"532 West 215th Street, New York, NY, 10034","Private, 9-12",140
,The Manhattan Children's Center,"124 West 95th Street, New York, NY, 10025","Private, PK",41
,HudsonWay Immersion School,"525 W 52nd St, New York, NY, 10069","Private, PK-5",100
,St Ignatius Loyola School,"48 East 84th Street, New York, NY, 10028","Private, K-8",534
,St John School,"3143 Kingsbridge Avenue, New York, NY, 10463","Private, PK-8",210
,Marymount School of NY,"1026 5th Ave, New York, NY, 10028","Private, PK-12",598
,St. Jean Baptiste High School,"173 E 75th St, New York, NY, 10021","Private, 9-12",338
,Ramaz School,"60 E 78th St, New York, NY, 10075","Private, 9-12",413
,Anglo American International School,"291 Central Park W, New York, NY, 10024","Private, K-12",441
,Rebecca School,"40 E 30th St Lbby 1, New York, NY, 10016","Private, Ungraded",125
,Mt Pleasant Christian Academy,"2011 Adam Clayton Powell Junior Boulevard, New York, NY, 10027","Private, PK-12",21
,Yeshiva Derech Hatorah,"2810 Nostrand Avenue, New York, NY, 11206","Private, PK-12",276
,The Child School,"587 Main Street, New York, NY, 10044","Private, K-12",340
,Children's Academy,"350 East 82nd St., New York, NY, 10028","Private, K-8",42
,Manhattan Christian Academy,"401 W 205th St, New York, NY, 10034","Private, PK-8",366
,Morningside Montessori Pre-School,"251 West 100th Street, 6th Floor, New York, NY, 10025","Private, PK",78
,Nativity Mission School,"204 Forsyth Street, New York, NY, 10002","Private, 8",16
,Abraham Joshua Heschel High School,"20 West End Avenue, New York, NY, 10023","Private, 9-12",273
,Storefront Academy Harlem (formerly The Children's Storefront),"70 East 129th Street, New York, NY, 10035","Private, PK-8",172
,De la Salle Academy,"332 West 43rd Street, New York NY 10036, New York, NY, 10025","Private, 6-8",166
,All Souls School,"1157 Lexington Avenue, New York, NY, 10075","Private, PK-K",142
,The Mandell School,"795 Columbus Avenue, New York, NY, 10025","Private, PK-8",432
,The Family School,"323 E 47th St, New York, NY, 10017","Private, PK-6",41
,Fellowship Of Learning School,"9 West 130th Street, New York, NY, 10037","Private, 1-7",3
,Mesivta Rabbi Samson Raphael Hirsch,"220 Bennett Avenue, New York, NY, 10040","Private, 7-12",70
,Aaron School,"309 E 45th St Rear 1, New York, NY, 10017","Private, K-6",152
,Sacred Heart School,"456 West 52nd Street, New York, NY, 10019","Private, PK-8",214
,St Spyridon Parochial School,"120 Wadsworth Avenue New York, N.Y. 10033, New York, NY, 10033","Private, PK-8",150
,St Thomas Choir School,"202 West 58th Street, New York, NY, 10019","Private, 4-8",30
,The Studio School,"117 West 95th Street, New York, NY, 10025","Private, PK-9",120
,La Scuola D Italia Guglielmo Marconi,"12 East 96th Street, New York, NY, 10128","Private, PK-12",192
,Beit Rabban,"15 West 86th St, New York, NY, 10024","Private, PK-5",120
,Aichhorn School,"23-25 W 106th St, New York, NY, 10025","Private, 9-12",32
,Cornelia Connelly Center,"220 East 4th Street, New York, NY, 10009","Private, 5-8",92
,Manhattan High School For Girls,"154 East 70th Street, New York, NY, 10021","Private, 9-12",193
,The Transfiguration Kindergarten School,"10 Confucius Plaza Bsmt 1 Lower Level, New York, NY, 10002","Private, PK-K",211
,East Harlem School At Exodus House,"309 E 103 3rd St, New York, NY, 10029","Private, 4-8",150
,The New Amsterdam School,"62 Ave B, New York, NY, 10009","Private, PK-1",110
,Solomon Schechter School Of Manhattan,"805 Columbus Avenue, New York, NY, 10025","Private, K-8",128
,Winston Preparatory School,"126 West 17th Street, New York, NY, 10011","Private, 6-12",227
,Masores Bais Yaakov,"1395 Ocean Avenue, New York, NY, 11230","Private, PK-12",819
,Brick Church School,"62 East 92nd Street, New York, NY, 10128","Private, PK-K",166
,Yeshiva Ketana Of Manhattan,"346 West 89th Street, New York, NY, 10024","Private, PK-8",158
,Al-Noor School,"675 4th Avenue, New York, NY, 11232","Private, PK-12",629
,Bnos Chayil,"345 Hewes Street, New York, NY, 11211","Private, PK-12",933
,Ideal Islamic School,"31-29 12th Street, New York, NY, 11106","Private, PK-6",41
,Trevor Day School,"1 West 88th Street, New York, NY, 10024","Private, PK-12",800
,Birch Wathen Lenox School,"210 East 77th Street, New York, NY, 10075","Private, K-12",576
,Holy Name Of Jesus School,"202 West 97th Street, New York, NY, 10025","Private, PK-8",272
,Mesivta Tifereth Jerusalem,"145 East Broadway, New York, NY, 10002","Private, K-12",154
,Buckley School,"113 East 73rd Street, New York, NY, 10021","Private, K-9",385
,St. Davids School,"12 E 89th St, New York, NY, 10128","Private, PK-8",390
,King's Academy,"2345 3rd Ave, New York, NY, 10035","Private, PK-8",30
,Parkside School,"48 West 74th Street, New York, NY, 10023","Private, Ungraded",83
,Cooke Center For Learning & Development,"16 Macdougal Street, New York, NY, 10012","Private, 9-12",213
,The Chapin School Ltd,"100 East End Avenue, New York, NY, 10028","Private, K-12",725
,The Geneva School of Manhattan,"138 W 90 St, New York, NY, 10019","Private, PK-8",274
,Metropolitan Montessori School,"325 W 85th St, New York, NY, 10024","Private, PK-6",200
,Association For Metroarea Autistic Children,"25 W 17th St, New York, NY, 10011","Private, Ungraded",188
,Holy Child Jesus School,"111-02 86th Avenue, New York, NY, 11418","Private, PK-8",399
,Nazareth Nursery,"216 West 15th Street, New York, NY, 10011","Private, PK-K",55
,Calhoun School,"433 W End Ave, New York, NY, 10024","Private, PK-12",700
,John V Lindsay Wildcat Academy Charter School,"17 Battery Place, New York, NY, 10004","Public charter, 9-12",473
,Neighborhood School,"121 East 3rd Street, New York, NY, 10009","Public district, PK-5",303
,Ucp Brooklyn Childrens Program,"175 Lawrence Avenue, New York, NY, 11230","Private, Ungraded",108
,Grace Church School,"254 Hicks Street, New York, NY, 11201","Private, PK-K",158
,Bright Beginnings,"86-25 162nd Street, New York, NY, 11432","Private, PK-K",51
,Anglo-American International School (The),"18 W 89th St, New York, NY, 10024","Private, 11-12",112
,West Side Montessori School,"309 West 92nd Street, New York, NY, 10025","Private, PK-K",193
,Reece School,"25 E 104th St, New York, NY, 10029","Private, Ungraded",92
,John A Coleman School,"590 Avenue of the Americas, New York, NY, 10011","Private, Ungraded",210
,Stephen Gaynor School,"148 West 90th Street, New York, NY, 10024","Private, Ungraded",394
,Ramaz School,"114 East 85th Street, New York, NY, 10028","Private, PK-12",396
,Smith School (The),"131 W 86th St # Fl9, New York, NY, 10024","Private, 7-12",34
,The Lorge School,"353 West 17th Street, New York, NY, 10011","Private, Ungraded",96
,Ps 811 Mickey Mantle School,"466 West End Avenue, New York, NY, 10024","Public district, PK-8",365
,Ps 721 Manhattan Occupational Training Center,"250 West Houston Street, New York, NY, 10014","Public district, 9-12",177
,Ps 169 Robert F Kennedy,"110 East 88th Street, New York, NY, 10128","Public district, K-10, 12",377
,Ps 226,"345 East 15th Street, New York, NY, 10003","Public district, PK-2, 4, 7-12",269
,Manhattan School For Career Development,"113 East 4th Street, New York, NY, 10003","Public district, 9-12",165
,Ps 35,"317 West 52nd Street, New York, NY, 10019","Public district, 1-12",298
,Ps 94,"55 Battery Place, New York, NY, 10280","Public district, K-8",407
,Ps 138,"144 East 128th Street, New York, NY, 10035","Public district, K-12",602
,Ps 79 Horan School,"55 East 120th Street, New York, NY, 10035","Public district, Ungraded",235
,St George Academy,"215 East 6th Street, New York, NY, 10003","Private, 9-12",80
,Ascension School,"220 West 108th Street, New York, NY, 10025","Private, PK-8",292
,St George Elementary School,"215 East 6th Street, New York, NY, 10003","Private, PK-8",47
,Al-Madinah School,"383 3rd Avenue, New York, NY, 11215","Private, PK-12",803
,Barkai Yeshivah,"5302 21st Avenue, New York, NY, 11204","Private, PK-8",414
,Ivdu School,"11 Broadway, New York, NY, 10004","Private, 1-7",54
,Clara Mumammad School,"102 W 116th St Frnt 1, New York, NY, 10026","Private, PK-5",4
,Lyceum Kennedy French American School,"225 East 43rd Street , New York, NY, 10017","Private, PK-12",248
,Montclare Children's School,"747 Amsterdam Ave, New York, NY, 10025","Private, 2-4",218
,The Riverside Church Weekday School,"490 Riverside Drive, New York, NY, 10027","Private, PK-K",114
,School for Young Performers,"222 Broadway, 21st Floor, New York, NY, 10013","Private, K-12",12
,LREI,"272 Sixth Avenue, New York, NY, 10014","Private, PK-12",603
,St Demitrios Astoria School,"2230 33rd Street, New York, NY, 11105","Private, PK-12",575
,Scholar Skills Christian Academy,"4705 Avenue N, New York, NY, 11234","Private, 3-11",32
,NY Center for Autism Charter School,"433 East 100th Street, New York, NY, 10029","Public charter, 2",33
,Leman Manhattan Preparatory School,"41 Broad St. / 1 Morris St., New York, NY, 10004","Private, PK-12",750
,Cristo Rey New York High School,"112 East 106th Street, New York, NY, 10029","Private, 9-12",380
,Great Tomorrows USA School,"38 W 123rd St, New York, NY, 10027","Private, K-11",26
,J G B Education Services,"15 W 65th St, New York, NY, 10023","Private, Ungraded",53
,Nysarc - NYC Chapter,"83 Maiden Ln, New York, NY, 10038","Private, Ungraded",268
,Harlem Academy,"1330 5th Avenue, New York, NY, 10026","Private, 1-8",119
,United Nations International School,"24-50 Fdr Dr, New York, NY, 10010","Private, PK-12","1,549"
,UCP of NYC,"80 Maiden Ln, New York, NY, 10038","Private, Ungraded",108
,West End Day School,"255 West 71st Street, New York, NY, 10023","Private, Ungraded",49
,Rebecca School,"40 E 30 St, New York, NY, 10016","Private, Ungraded",113
,British International School of NY,"20 Waterside Plaza, New York, NY, 10010","Private, PK-8",260
,The Ideal School of Manhattan,"314 West 91st Street, New York, NY, 10024","Private, K-12",201
,Reece School,"25 E 104th St, New York, NY, 10029","Private, Ungraded",88
,The Manhattan Children's Center,"124 W 95th St, New York, NY, 10025","Private, Ungraded",36
,Fusion Academy Manhattan  Park Ave.,"460 Park Avenue South, New York, NY, 10016","Private, 6-12",55
,The Mandell Pre School,"775 Columbus Avenue, New York, NY, 10025","Private, PK",191
,City Country School,"146 West 13th Street, New York, NY, 10011","Private, PK-8",368
,St Benedict Day Nursery,"21 West 124th Street, New York, NY, 10027","Private, PK-K",49
,Battery Park City Day Nursery,"215 South End Avenue, New York, NY, 10280","Private, PK",120
,Buckle My Shoe Nursery School,"230 West 13th Street, New York, NY, 10011","Private, PK",200
,Yaldaynu Pre-School,"251 West 100th Street, New York, NY, 10025","Private, PK",40
,Chelsea Day School,"319 5th Avenue, New York, NY, 10016","Private, PK",125
,43rd St Kids Pre-School,"484 West 43rd Street, New York, NY, 10036","Private, PK",40
,Nord Anglia International School New York,"44 East 2nd Street, New York, NY, 10003","Private, PK-6",150
,Downtown Little School,"15 Dutch St Frnt A, New York, NY, 10038","Private, PK-K",91
,Dwight School,"291 Central Park West, New York, NY, 10024","Private, PK-12",958
,The Gateway School,"211 West 61st Street, New York, NY, 10023","Private, K-8 & Ungraded",180
,George Jackson Academy,"104 Saint Marks Place, New York, NY, 10009","Private, 4-8",123
,Gillen Brewer School,"410 East 92nd Street, New York, NY, 10128","Private, Ungraded",82
,Learning Spring School,"247 East 20th Street, New York, NY, 10003","Private, K",105
,Marymount School Of New York,"1026 5th Avenue, New York, NY, 10028","Private, PK-12",750
,Mc Carton School,"331 West 25th Street, New York, NY, 10001","Private, Ungraded",50
,Robert Louis Stevenson School,"24 West 74th Street, New York, NY, 10023","Private, 8-12",52
,St Francis De Sales School,"219 Beach 129th Street, New York, NY, 11694","Private, PK-8",527
,The School At Columbia University,"556 West 110th Street, New York, NY, 10025","Private, K-8",530
,Yeshiva Rabbi Samson Raphael Hirsch,"85 Bennett Avenue, New York, NY, 10033","Private, PK-12",397
,Gani Preschool,"34 East 14th Street, New York, NY, 10003","Private, PK",54
,Portfolio School,"90 Hudson Street, New York, NY, 10013","Private, K-7",30
,Forsythe Satellite Academy,"198 Forsyth Street, New York, NY, 10002","Public district, 9-12",189
,The Lang School,"11 Broadway, New York, NY, 10004","Private, K-12",50
,Aaron Academy,"42 East 30th Street, New York, NY, 10016","Private, 7-10",48
,The Montessori School of New York - Manhattan,"347 East 55th St., New York, NY, 10022","Private, PK-8",60
,Sephardic Academy of Manhattan ECC,"1274 Second Avenue (67th street), New York, NY, 10065","Private, PK",55
,Gold Material Montessori School - East Village Branch,"41 Avenue B, New York, NY, 10009","Private, PK",30
,New York Hebrew,"121 West 19th Street, New York, NY, 10011","Private, PK-8",50
,Montclare Children's School,"747 Amsterdam Avenue, New York, NY, 10025","Private, PK",186
,Cooke Center Grammar School,"219 Stanton Street, New York, NY, 10002","Private, K-8",103
,Medical Center Nursery School,"60 Haven Avenue, New York, NY, 10032","Private, PK-K",30
,Avenues: The World School,"259 Tenth Avenue, New York, NY, 10001","Private, PK-12","1,742"
,Harvest Collegiate High School,"34 West 14th Street, New York, NY, 10011","Public district, 9-12",494
,Castle Bridge School,"560 West 169th Street, New York, NY, 10032","Public district, PK-5",228
,Sunny Skies Preschool,"112 Ridge Street, New York, NY, 10002","Private, PK",100
,My Little School,"54 Reade Street, New York, NY, 10007","Private, PK",40
,Manhattan Free School,"115 East 106th Street, New York, NY, 10029","Private, K-12 & Ungraded",25
,The Learning Experience Children's Academy,"28 Washington Street, New York, NY, 10004","Private, PK",163
,Life Adjustment Center Comprehensive Preschool,"325 E. 101st street, New York, NY, 10029","Private, PK",39
,Bright Horizons at 200 Liberty Street,"200 Liberty Street, New York, NY, 10281","Private, PK",40
,The Speyer Legacy School,"925 Ninth Avenue, New York, NY, 10019","Private, K-8",316
,The Ecole,"111 East 22nd Street, New York, NY, 10010","Private, PK-8",217
,The Quad Preparatory School,"25 Pine Street, New York, NY, 10005","Private, PK-12",113
,Elements Preschool,"99 Suffolk St, Ground Floor, New York, NY, 10002","Private, PK",50
,Kennedy Child Care Center,"2212 Third Avenue, 2nd Floor, New York, NY 10035, New York, NY, 10065","Private, PK",386
,Explore+Discover,"444 2nd Avenue, New York, NY, 10010","Private, PK",88
,Bridge Community Playschool,"250 East 61st Street, New York, NY, 10065","Private, PK",28
,Bright Horizons at Tribeca (Will open: Spring 2015),"129 Hudson Street, New York, NY, 10013","Private, PK",116
,New York International School,"4 East 90th Street, New York, NY, 10128","Private, PK-8",240
,Bright Horizons at Chelsea,"260 West 26th Street, New York, NY, 10001","Private, PK",89
,"Adults and Children in Trust (A.C.T.) - ACT Preschool, ACT Nursery, ACT Early Years (Toddler Classes)","1047 Amsterdam Ave, New York, NY, 10025","Private, PK",45
,Evolution Enrichment Center,"38 delancey st., new york, NY, 10002","Private, PK",72
,China Institute,"40 Rector Street, new york, NY, 10006","Private, PK-K, 2-12",300
,United Nations International School,"24-50 FDR Drive New York, New York, NY, 10010","Private, K-12","1,572"
,Sixth Avenue Elementary School,"590 6th Avenue, New York, NY, 10011","Public district, PK-3",278
,Success Academy Charter School-Nyc 1,"500 West 41st Street, New York, NY, 10018","Public charter, K-1",114
,Bright Horizons at 90 Washington,"90 Washington Street, New York, NY, 10006","Private, PK",113
,Fusion Academy Manhattan - Lincoln Center,"157 Columbus Avenue, 3rd Floor, New York, NY, 10023","Private, 6-12",55
,Middle 297,"75 Morton Street, New York, NY, 10014","Public district, 6",193
,Judith S Kaye High School,"321 East 96th Street, New York, NY, 10128","Public district, 9-12",56
,Success Academy Charter-Harlem 6,"461 West 131st Street, New York, NY, 10027","Public charter, K-1",143
,Whin Music Community Charter School,"401 West 164th Street, New York, NY, 10032","Public charter, K-1",79
,Zeta Charter School - Inwood 1,"652 West 187th Street, New York, NY, 10033","Public charter, Ungraded",250
,New Visions Charter High-Humanities Iv,"205 East 42nd Street, New York, NY, 10017","Public charter, 9",86
